PMID,Title,Authors,Citation,First Author,Journal/Book,Publication Year,Create Date,PMCID,NIHMS ID,DOI,Problem,Intervention,Compared,Outcome,Time frame,Direction,Read Full,Purpose
29898717,'MATRI-SUMAN' a capacity building and text messaging intervention to enhance maternal and child health service utilization among pregnant women from rural Nepal: study protocol for a cluster randomised controlled trial,"Singh JK, Kadel R, Acharya D, Lombard D, Khanal S, Singh SP.",BMC Health Serv Res. 2018 Jun 14;18(1):447. doi: 10.1186/s12913-018-3223-6.,Singh JK,BMC Health Serv Res,2018,6/15/18,PMC6001039,,10.1186/s12913-018-3223-6,Patient,,,,,,,
33846056,"""If It Needs to be Done, It Needs to be Done"": National Survey of Youth Experiences and Perspectives on Caregiving","Raj M, Feldman SJ, Platt JE, Chang T.",J Adolesc Health. 2021 Oct;69(4):664-667. doi: 10.1016/j.jadohealth.2021.03.003. Epub 2021 Apr 10.,Raj M,J Adolesc Health,2021,4/13/21,PMC8867996,NIHMS1779865,10.1016/j.jadohealth.2021.03.003,Patient,,,,,,,
32165480,"""Keep it short and sweet"": Improving risk communication to family physicians during public health crises","Kain NA, Jardine CG.",Can Fam Physician. 2020 Mar;66(3):e99-e106.,Kain NA,Can Fam Physician,2020,3/14/20,PMC8302348,,,Provider,Text messages,Interview,Neutral,?,To,,both
31758896,[Use of information and communication technologies by argentine pediatricians],"Goldfarb G, Nasanovsky J, Krynski L, Ciancaglini A, García Bournissen F.",Arch Argent Pediatr. 2019 Dec 1;117(6):S264-S276. doi: 10.5546/aap.2019.S264.,Goldfarb G,Arch Argent Pediatr,2019,11/24/19,,,10.5546/aap.2019.S264,Provider,Text messages,Mixed Methods,Positive,3 months,2-way,,both
32071329,A cluster-randomized trial of the effectiveness of a triple-faceted intervention promoting adherence to primary care physician visits by diabetes patients,"Noda M, Hayashino Y, Yamazaki K, Suzuki H, Goto A, Kato M, Izumi K, Kobayashi M.",Sci Rep. 2020 Feb 18;10(1):2842. doi: 10.1038/s41598-020-59588-x.,Noda M,Sci Rep,2020,2/20/20,PMC7028948,,10.1038/s41598-020-59588-x,Patient,Mail,Control,Positive,1 year,,,
32111701,A Coaching Program to Improve Dietary Intake of Patients with CKD: ENTICE-CKD,"Kelly JT, Conley M, Hoffmann T, Craig JC, Tong A, Reidlinger DP, Reeves MM, Howard K, Krishnasamy R, Kurtkoti J, Palmer SC, Johnson DW, Campbell KL.",Clin J Am Soc Nephrol. 2020 Mar 6;15(3):330-340. doi: 10.2215/CJN.12341019. Epub 2020 Feb 28.,Kelly JT,Clin J Am Soc Nephrol,2020,3/1/20,PMC7057309,,10.2215/CJN.12341019,Patient,Text messages,Control,Neutral,9 months,,,
33926993,A megastudy of text-based nudges encouraging patients to get vaccinated at an upcoming doctor's appointment,"Milkman KL, Patel MS, Gandhi L, Graci HN, Gromet DM, Ho H, Kay JS, Lee TW, Akinola M, Beshears J, Bogard JE, Buttenheim A, Chabris CF, Chapman GB, Choi JJ, Dai H, Fox CR, Goren A, Hilchey MD, Hmurovic J, John LK, Karlan D, Kim M, Laibson D, Lamberton C, Madrian BC, Meyer MN, Modanu M, Nam J, Rogers T, Rondina R, Saccardo S, Shermohammed M, Soman D, Sparks J, Warren C, Weber M, Berman R, Evans CN, Snider CK, Tsukayama E, Van den Bulte C, Volpp KG, Duckworth AL.",Proc Natl Acad Sci U S A. 2021 May 18;118(20):e2101165118. doi: 10.1073/pnas.2101165118.,Milkman KL,Proc Natl Acad Sci U S A,2021,4/30/21,PMC8157982,,10.1073/pnas.2101165118,Patient,Text messages,Control,Positive,1 year,,,
32250274,A Mobile Health Intervention for Fetal Alcohol Spectrum Disorders (Families Moving Forward Connect): Development and Qualitative Evaluation of Design and Functionalities,"Petrenko CL, Parr J, Kautz C, Tapparello C, Olson HC.",JMIR Mhealth Uhealth. 2020 Apr 6;8(4):e14721. doi: 10.2196/14721.,Petrenko CL,JMIR Mhealth Uhealth,2020,4/7/20,PMC7171567,,10.2196/14721,Patient,Mobile Application,Focus group,Positive,1 year,,,
33038500,A pharmacist intervention for monitoring and treating hypertension using bidirectional texting: PharmText BP,"Polgreen LA, Carter BL, Polgreen PM, Snyder PM, Sewell DK, Bayman EO, Francis SL, Simmering JE, Parker C, Finkelstein R.",Contemp Clin Trials. 2020 Nov;98:106169. doi: 10.1016/j.cct.2020.106169. Epub 2020 Oct 7.,Polgreen LA,Contemp Clin Trials,2020,10/10/20,PMC7686143,NIHMS1639298,10.1016/j.cct.2020.106169,Patient,Text messages,Control,Neutral,1 year,,,
31448013,"A pilot study of a novel, incentivised mHealth technology to monitor the vaccine supply chain in rural Zambia","Lamanna C, Byrne L.",Pan Afr Med J. 2019 May 22;33:50. doi: 10.11604/pamj.2019.33.50.16318. eCollection 2019.,Lamanna C,Pan Afr Med J,2019,8/27/19,PMC6689832,,10.11604/pamj.2019.33.50.16318,Provider,Text messages,Pilot,Neutral,1 year,From,,data
29488266,A survey of tobacco dependence treatment guidelines content in 61 countries,"Nilan K, McNeill A, Murray RL, McKeever TM, Raw M.",Addiction. 2018 Aug;113(8):1499-1506. doi: 10.1111/add.14204. Epub 2018 Apr 16.,Nilan K,Addiction,2018,3/1/18,PMC6099485,,10.1111/add.14204,N/A,N/A,N/A,N/A,N/A,,,
34824118,Acceptability of a mHealth strategy for hypertension management in a low-income and middle-income country setting: a formative qualitative study among patients and healthcare providers,"Bhandari B, Schutte AE, Jayasuriya R, Vaidya A, Subedi M, Narasimhan P.",BMJ Open. 2021 Nov 25;11(11):e052986. doi: 10.1136/bmjopen-2021-052986.,Bhandari B,BMJ Open,2021,11/26/21,PMC8627401,,10.1136/bmjopen-2021-052986,Patient,,,,,,,
29581127,Acceptability of text messages for safety netting patients with low-risk cancer symptoms: a qualitative study,"Hirst Y, Lim AWW.",Br J Gen Pract. 2018 May;68(670):e333-e341. doi: 10.3399/bjgp18X695741. Epub 2018 Mar 26.,Hirst Y,Br J Gen Pract,2018,3/28/18,PMC5916080,,10.3399/bjgp18X695741,Patient,,,,,,,
31719084,Adapting the Diabetes Prevention Program for low and middle-income countries: protocol for a cluster randomised trial to evaluate 'Lifestyle Africa',"Catley D, Puoane T, Tsolekile L, Resnicow K, Fleming K, Hurley EA, Smyth JM, Vitolins MZ, Lambert EV, Levitt N, Goggin K.",BMJ Open. 2019 Nov 11;9(11):e031400. doi: 10.1136/bmjopen-2019-031400.,Catley D,BMJ Open,2019,11/14/19,PMC6858109,,10.1136/bmjopen-2019-031400,Patient,,,,,,,
29969463,Adherence interventions and outcomes of tuberculosis treatment: A systematic review and meta-analysis of trials and observational studies,"Alipanah N, Jarlsberg L, Miller C, Linh NN, Falzon D, Jaramillo E, Nahid P.",PLoS Med. 2018 Jul 3;15(7):e1002595. doi: 10.1371/journal.pmed.1002595. eCollection 2018 Jul.,Alipanah N,PLoS Med,2018,7/4/18,PMC6029765,,10.1371/journal.pmed.1002595,Patient,,,,,,,
24297865,Aligning medication reconciliation and secure messaging: qualitative study of primary care providers' perspectives,"Heyworth L, Clark J, Marcello TB, Paquin AM, Stewart M, Archambeault C, Simon SR.",J Med Internet Res. 2013 Dec 2;15(12):e264. doi: 10.2196/jmir.2793.,Heyworth L,J Med Internet Res,2013,12/4/13,PMC3868963,,10.2196/jmir.2793,Provider,?,,,,,,
31466419,"An Intervention to Improve Uptake of Referrals for Children with Ear Disease or Hearing Loss in Thyolo District, Malawi: Acceptability and Feasibility","Baum A, Mulwafu W, Phiri M, Polack S, Bright T.",Int J Environ Res Public Health. 2019 Aug 28;16(17):3144. doi: 10.3390/ijerph16173144.,Baum A,Int J Environ Res Public Health,2019,8/31/19,PMC6747222,,10.3390/ijerph16173144,Patient,,,,,,,
28567197,Assessing the feasibility of mobile phones for follow-up of acutely unwell children presenting to village clinics in rural northern Malawi,"Hardy V, Hsieh J, Chirambo B, Wu TJ, O'Donoghue J, Muula AS, Thompson M.",Malawi Med J. 2017 Mar;29(1):53-54. doi: 10.4314/mmj.v29i1.10.,Hardy V,Malawi Med J,2017,6/2/17,PMC5442492,,10.4314/mmj.v29i1.10,Patient,,,,,,,
29371309,Bad Medicine: Letters,Spence D.,Br J Gen Pract. 2018 Feb;68(667):87. doi: 10.3399/bjgp18X694721.,Spence D,Br J Gen Pract,2018,1/27/18,PMC5774953,,10.3399/bjgp18X694721,N/A,,,,,,,
28655802,Benefits and Limitations of Text Messages to Stimulate Higher Learning Among Community Providers: Participants' Views of an mHealth Intervention to Support Continuing Medical Education in Vietnam,"Sabin LL, Larson Williams A, Le BN, Herman AR, Viet Nguyen H, Albanese RR, Xiong W, Shobiye HO, Halim N, Tran LTN, McNabb M, Hoang H, Falconer A, Nguyen TTT, Gill CJ.",Glob Health Sci Pract. 2017 Jun 27;5(2):261-273. doi: 10.9745/GHSP-D-16-00348. Print 2017 Jun 27.,Sabin LL,Glob Health Sci Pract,2017,6/29/17,PMC5487088,,10.9745/GHSP-D-16-00348,Provider,Text messages,Control,Positive,6 months,To,,education
27016064,Change In Length of Stay and Readmissions among Hospitalized Medical Patients after Inpatient Medicine Service Adoption of Mobile Secure Text Messaging,"Patel MS, Patel N, Small DS, Rosin R, Rohrbach JI, Stromberg N, Hanson CW, Asch DA.",J Gen Intern Med. 2016 Aug;31(8):863-70. doi: 10.1007/s11606-016-3673-7. Epub 2016 Mar 25.,Patel MS,J Gen Intern Med,2016,3/27/16,PMC4945559,,10.1007/s11606-016-3673-7,Patient,,,,,,,
31135500,Clinician Perception of a Machine Learning-Based Early Warning System Designed to Predict Severe Sepsis and Septic Shock,"Ginestra JC, Giannini HM, Schweickert WD, Meadows L, Lynch MJ, Pavan K, Chivers CJ, Draugelis M, Donnelly PJ, Fuchs BD, Umscheid CA.",Crit Care Med. 2019 Nov;47(11):1477-1484. doi: 10.1097/CCM.0000000000003803.,Ginestra JC,Crit Care Med,2019,5/29/19,PMC6791738,NIHMS1527406,10.1097/CCM.0000000000003803,Provider,Alert,Pilot,Negative,6 week,,,
30815197,Communication Technology Use and Preferences for Pregnant Women and Their Caregivers,"Shroder M, Anders SH, Dorst M, Jackson GP.",AMIA Annu Symp Proc. 2018 Dec 5;2018:1515-1523. eCollection 2018.,Shroder M,AMIA Annu Symp Proc,2018,3/1/19,PMC6371273,,,Patient,,,,,,,
33437462,Community health worker-based mobile health (mHealth) approaches for improving management and caregiver knowledge of common childhood infections: A systematic review,"Mahmood H, Mckinstry B, Luz S, Fairhurst K, Nasim S, Hazir T; RESPIRE Collaboration.",J Glob Health. 2020 Dec;10(2):020438. doi: 10.7189/jogh.10.020438. Epub 2020 Dec 19.,Mahmood H,J Glob Health,2020,1/13/21,PMC7774026,,10.7189/jogh.10.020438,N/A,,,,,,,
29878851,Community Healthcare and Technology to Enhance Communication in Pediatric Obesity Care,"Siegel RM, Haemer M, Kharofa RY, Christison AL, Hampl SE, Tinajero-Deck L, Lockhart MK, Reich S, Pont SJ, Stratbucker W, Robinson TN, Shaffer LA, Woolford SJ.",Child Obes. 2018 Oct;14(7):453-460. doi: 10.1089/chi.2017.0339. Epub 2018 Jun 7.,Siegel RM,Child Obes,2018,6/8/18,PMC6422001,,10.1089/chi.2017.0339,Patient,,,,,,,
30398461,Community-based screening for cardiovascular risk using a novel mHealth tool in rural Kenya,"Mannik J, Figol A, Churchill V, Aw J, Francis S, Karino E, Chesire JK, Opot D, Ochieng B, Hawkes MT.",J Innov Health Inform. 2018 Oct 31;25(3):176-182. doi: 10.14236/jhi.v25i3.1012.,Mannik J,J Innov Health Inform,2018,11/7/18,,,10.14236/jhi.v25i3.1012,Provider,Text messages,Pilot,Positive,2 years,2-way,,decision support
31182096,Community-based surveillance of unaccompanied and separated children in drought-affected northern Ethiopia,"MacFarlane M, Rubenstein BL, Saw T, Mekonnen D, Spencer C, Stark L.",BMC Int Health Hum Rights. 2019 Jun 10;19(1):19. doi: 10.1186/s12914-019-0203-9.,MacFarlane M,BMC Int Health Hum Rights,2019,6/12/19,PMC6558760,,10.1186/s12914-019-0203-9,Patient,,,,,,,
28549476,"Comparing motivational, self-regulatory and habitual processes in a computer-tailored physical activity intervention in hospital employees - protocol for the PATHS randomised controlled trial","Kwasnicka D, Vandelanotte C, Rebar A, Gardner B, Short C, Duncan M, Crook D, Hagger MS.",BMC Public Health. 2017 May 26;17(1):518. doi: 10.1186/s12889-017-4415-4.,Kwasnicka D,BMC Public Health,2017,5/28/17,PMC5446723,,10.1186/s12889-017-4415-4,Provider,Text messages,Control,N/A,3 monts,To,,education
29899982,Comparison of text messaging data collection vs face-to-face interviews for public health surveys: a cluster randomized crossover study of care-seeking for childhood pneumonia and diarrhoea in rural China,"van Velthoven MH, Wang W, Wu Q, Li Y, Scherpbier RW, Du X, Chen L, Zhang Y, Car J, Rudan I.",J Glob Health. 2018 Jun;8(1):010802. doi: 10.7189/jogh.08.010802.,van Velthoven MH,J Glob Health,2018,6/15/18,PMC5997366,,10.7189/jogh.08.010802,Patient,,,,,,,
25079609,Comparison of warfarin therapy clinical outcomes following implementation of an automated mobile phone-based critical laboratory value text alert system,"Lin SW, Kang WY, Lin DT, Lee J, Wu FL, Chen CL, Tseng YJ.",BMC Med Genomics. 2014;7 Suppl 1(Suppl 1):S13. doi: 10.1186/1755-8794-7-S1-S13. Epub 2014 May 8.,Lin SW,BMC Med Genomics,2014,8/1/14,PMC4101312,,10.1186/1755-8794-7-S1-S13,Provider,Text messages,Pilot,Positive,?,To,,alert
30502778,Cost-Effectiveness of a Comprehensive Approach for Hypertension Control in Low-Income Settings in Argentina: Trial-Based Analysis of the Hypertension Control Program in Argentina,"Augustovski F, Chaparro M, Palacios A, Shi L, Beratarrechea A, Irazola V, Rubinstein A, Mills K, He J, Pichon Riviere A.",Value Health. 2018 Dec;21(12):1357-1364. doi: 10.1016/j.jval.2018.06.003. Epub 2018 Aug 30.,Augustovski F,Value Health,2018,12/4/18,PMC6457112,NIHMS1003306,10.1016/j.jval.2018.06.003,Patient,,,,,,,
32168354,Describing the antimicrobial usage patterns of companion animal veterinary practices; free text analysis of more than 4.4 million consultation records,"Hur BA, Hardefeldt LY, Verspoor KM, Baldwin T, Gilkerson JR.",PLoS One. 2020 Mar 13;15(3):e0230049. doi: 10.1371/journal.pone.0230049. eCollection 2020.,Hur BA,PLoS One,2020,3/14/20,PMC7069610,,10.1371/journal.pone.0230049,N/A,,,,,,,
30474927,Designing interventions for blood pressure control in challenging settings: Active not passive intervention is needed,Padwal RS.,J Clin Hypertens (Greenwich). 2019 Jan;21(1):37-38. doi: 10.1111/jch.13431. Epub 2018 Nov 26.,Padwal RS,J Clin Hypertens (Greenwich),2019,11/27/18,PMC8030383,,10.1111/jch.13431,Patient,,,,,,,
26916967,"Development and field testing of Teen Pocket PATH(®), a mobile health application to improve medication adherence in adolescent solid organ recipients","Shellmer DA, Dew MA, Mazariegos G, DeVito Dabbs A.",Pediatr Transplant. 2016 Feb;20(1):130-40. doi: 10.1111/petr.12639.,Shellmer DA,Pediatr Transplant,2016,2/27/16,PMC5499533,NIHMS871729,10.1111/petr.12639,Patient,,,,,,,
31845901,Development and Local Contextualization of Mobile Health Messages for Enhancing Disease Management Among Community-Dwelling Stroke Patients in Rural China: Multimethod Study,"Gong E, Gu W, Luo E, Tan L, Donovan J, Sun C, Yang Y, Zang L, Bao P, Yan LL.",JMIR Mhealth Uhealth. 2019 Dec 17;7(12):e15758. doi: 10.2196/15758.,Gong E,JMIR Mhealth Uhealth,2019,12/18/19,PMC6938591,,10.2196/15758,Patient,,,,,,,
31364600,Development and Pilot Testing of Text Messages to Help Reduce Sugar-Sweetened Beverage Intake Among Rural Caregivers and Adolescents: Mixed Methods Study,"Yuhas M, Porter KJ, Brock DP, Loyd A, McCormick BA, Zoellner JM.",JMIR Mhealth Uhealth. 2019 Jul 30;7(7):e14785. doi: 10.2196/14785.,Yuhas M,JMIR Mhealth Uhealth,2019,8/1/19,PMC6691674,,10.2196/14785,Patient,,,,,,,
32838443,"Development and Usability of a Smartphone Application for Tracking Oncology Patients in Gaborone, Botswana","Grover S, Shah S, Bhatia R, Urusaro S, Monare B, Ralefala T, Seiphetlheng A, Singh SP, Dhaliwal G.",Methods Inf Med. 2020 Feb;59(1):31-40. doi: 10.1055/s-0040-1713129. Epub 2020 Aug 24.,Grover S,Methods Inf Med,2020,8/25/20,PMC7895484,NIHMS1670655,10.1055/s-0040-1713129,Patient,,,,,,,
35105654,Development and use of research vignettes to collect qualitative data from healthcare professionals: a scoping review,"Tremblay D, Turcotte A, Touati N, Poder TG, Kilpatrick K, Bilodeau K, Roy M, Richard PO, Lessard S, Giordano É.",BMJ Open. 2022 Jan 31;12(1):e057095. doi: 10.1136/bmjopen-2021-057095.,Tremblay D,BMJ Open,2022,2/2/22,PMC8804653,,10.1136/bmjopen-2021-057095,N/A,,,,,,,
32460692,"Development of a ""Cellphone Stewardship Framework"": Legal, Regulatory, and Ethical Issues","Scott RE, Morris C, Mars M.",Telemed J E Health. 2021 Mar;27(3):316-322. doi: 10.1089/tmj.2020.0048. Epub 2020 May 27.,Scott RE,Telemed J E Health,2021,5/29/20,PMC7958990,,10.1089/tmj.2020.0048,N/A,,,,,,,
26283229,Development of a text-messaging intervention to improve treatment adherence and post-treatment review of children with uncomplicated malaria in western Kenya,"Githinji S, Jones C, Malinga J, Snow RW, Talisuna A, Zurovac D.",Malar J. 2015 Aug 19;14:320. doi: 10.1186/s12936-015-0825-x.,Githinji S,Malar J,2015,8/19/15,PMC4539928,,10.1186/s12936-015-0825-x,Patient,,,,,,,
28433615,Digital technology for treating and preventing mental disorders in low-income and middle-income countries: a narrative review of the literature,"Naslund JA, Aschbrenner KA, Araya R, Marsch LA, Unützer J, Patel V, Bartels SJ.",Lancet Psychiatry. 2017 Jun;4(6):486-500. doi: 10.1016/S2215-0366(17)30096-2. Epub 2017 Apr 19.,Naslund JA,Lancet Psychiatry,2017,4/24/17,PMC5523650,NIHMS875598,10.1016/S2215-0366(17)30096-2,Patient,,,,,,,
28143840,Educational intervention to improve effectiveness in treatment and control of patients with high cardiovascular risk in low-resource settings in Argentina: study protocol of a cluster randomised controlled trial,"Gulayin P, Irazola V, Lozada A, Chaparro M, Santero M, Gutierrez L, Poggio R, Beratarrechea A, Rubinstein A.",BMJ Open. 2017 Jan 31;7(1):e014420. doi: 10.1136/bmjopen-2016-014420.,Gulayin P,BMJ Open,2017,2/2/17,PMC5293870,,10.1136/bmjopen-2016-014420,Patient,,,,,,,
35226082,Effect of Electronic Portal Messaging With Embedded Asynchronous Care on Physician-Assisted Smoking Cessation Attempts: A Randomized Clinical Trial,"Erdmann M, Edwards B, Adewumi MT.",JAMA Netw Open. 2022 Feb 1;5(2):e220348. doi: 10.1001/jamanetworkopen.2022.0348.,Erdmann M,JAMA Netw Open,2022,2/28/22,PMC8886534,,10.1001/jamanetworkopen.2022.0348,Patient,,,,,,,
31253186,Effect of mobile text message reminders on routine childhood vaccination: a systematic review and meta-analysis,"Mekonnen ZA, Gelaye KA, Were MC, Gashu KD, Tilahun BC.",Syst Rev. 2019 Jun 28;8(1):154. doi: 10.1186/s13643-019-1054-0.,Mekonnen ZA,Syst Rev,2019,6/30/19,PMC6598255,,10.1186/s13643-019-1054-0,Patient,,,,,,,
29959274,Effectiveness of SMS Technology on Timely Community Health Worker Follow-Up for Childhood Malnutrition: A Retrospective Cohort Study in sub-Saharan Africa,"Sarma S, Nemser B, Cole-Lewis H, Kaonga N, Negin J, Namakula P, Ohemeng-Dapaah S, Kanter AS.",Glob Health Sci Pract. 2018 Jun 29;6(2):345-355. doi: 10.9745/GHSP-D-16-00290. Print 2018 Jun 27.,Sarma S,Glob Health Sci Pract,2018,7/1/18,PMC6024632,,10.9745/GHSP-D-16-00290,Provider,Text messages,Control,Positive,1 year,2-way,,data
25253539,Effects of a guided web-based smoking cessation program with telephone counseling: a cluster randomized controlled trial,"Mehring M, Haag M, Linde K, Wagenpfeil S, Schneider A.",J Med Internet Res. 2014 Sep 24;16(9):e218. doi: 10.2196/jmir.3536.,Mehring M,J Med Internet Res,2014,9/26/14,PMC4211026,,10.2196/jmir.3536,Patient,,,,,,,
34014132,Effects of Mobile Health Technologies on Uptake of Routine Growth Monitoring among Caregivers of Children Aged 9 to 18 Months in Kenya,"Nyang'echi E, Osero J.",J Prim Care Community Health. 2021 Jan-Dec;12:21501327211010995. doi: 10.1177/21501327211010995.,Nyang'echi E,J Prim Care Community Health,2021,5/20/21,PMC8141983,,10.1177/21501327211010995,Patient,,,,,,,
28122622,Efficacy of text-message reminders on paediatric malaria treatment adherence and their post-treatment return to health facilities in Kenya: a randomized controlled trial,"Talisuna AO, Oburu A, Githinji S, Malinga J, Amboko B, Bejon P, Jones C, Snow RW, Zurovac D.",Malar J. 2017 Jan 25;16(1):46. doi: 10.1186/s12936-017-1702-6.,Talisuna AO,Malar J,2017,1/27/17,PMC5267364,,10.1186/s12936-017-1702-6,Patient,,,,,,,
28628695,Efficiency and Interpretability of Text Paging Communication for Medical Inpatients: A Mixed-Methods Analysis,"Luxenberg A, Chan B, Khanna R, Sarkar U.",JAMA Intern Med. 2017 Aug 1;177(8):1218-1220. doi: 10.1001/jamainternmed.2017.2133.,Luxenberg A,JAMA Intern Med,2017,6/20/17,PMC5818786,,10.1001/jamainternmed.2017.2133,Patient,,,,,,,
30759491,Empowering Patients during Hospitalization: Perspectives on Inpatient Portal Use,"McAlearney AS, Fareed N, Gaughan A, MacEwan SR, Volney J, Sieck CJ.",Appl Clin Inform. 2019 Jan;10(1):103-112. doi: 10.1055/s-0039-1677722. Epub 2019 Feb 13.,McAlearney AS,Appl Clin Inform,2019,2/14/19,PMC6374145,,10.1055/s-0039-1677722,Patient,,,,,,,
25494702,Empowering pharmacists in asthma management through interactive SMS (EmPhAsIS): study protocol for a randomized controlled trial,"De Vera MA, Sadatsafavi M, Tsao NW, Lynd LD, Lester R, Gastonguay L, Galo J, FitzGerald JM, Brasher P, Marra CA.",Trials. 2014 Dec 13;15:488. doi: 10.1186/1745-6215-15-488.,De Vera MA,Trials,2014,12/16/14,PMC4301403,,10.1186/1745-6215-15-488,Patient,Text messages,Control,N/A,1 year,,,
27353623,Enhancing the Supervision of Community Health Workers With WhatsApp Mobile Messaging: Qualitative Findings From 2 Low-Resource Settings in Kenya,"Henry JV, Winters N, Lakati A, Oliver M, Geniets A, Mbae SM, Wanjiru H.",Glob Health Sci Pract. 2016 Jun 27;4(2):311-25. doi: 10.9745/GHSP-D-15-00386. Print 2016 Jun 20.,Henry JV,Glob Health Sci Pract,2016,6/30/16,PMC4982254,,10.9745/GHSP-D-15-00386,Provider,Text messages,Pilot,Positive,6 months,2-way,,education
26731401,Evaluation of a mHealth Data Quality Intervention to Improve Documentation of Pregnancy Outcomes by Health Surveillance Assistants in Malawi: A Cluster Randomized Trial,"Joos O, Silva R, Amouzou A, Moulton LH, Perin J, Bryce J, Mullany LC.",PLoS One. 2016 Jan 5;11(1):e0145238. doi: 10.1371/journal.pone.0145238. eCollection 2016.,Joos O,PLoS One,2016,1/6/16,PMC4701446,,10.1371/journal.pone.0145238,Provider,Text messages,Control,Positive,1 year,To,,data
27342438,"Evaluation of Chlamydia Partner Notification Practices and Use of the ""Let Them Know"" Website by Family Planning Clinicians in Australia: Cross-Sectional Study","Guy RJ, Micallef JM, Mooney-Somers J, Jamil MS, Harvey C, Bateson D, van Gemert C, Wand H, Kaldor J.",J Med Internet Res. 2016 Jun 24;18(6):e173. doi: 10.2196/jmir.5441.,Guy RJ,J Med Internet Res,2016,6/26/16,PMC4938882,,10.2196/jmir.5441,Patient,,,,,,,
27315831,Evaluation of SMS reminder messages for altering treatment adherence and health seeking perceptions among malaria care-seekers in Nigeria,"Liu JX, Modrek S.",Health Policy Plan. 2016 Dec;31(10):1374-1383. doi: 10.1093/heapol/czw076. Epub 2016 Jun 16.,Liu JX,Health Policy Plan,2016,6/19/16,PMC5091342,,10.1093/heapol/czw076,Patient,,,,,,,
25886279,Evaluation of the impact of a mobile health system on adherence to antenatal and postnatal care and prevention of mother-to-child transmission of HIV programs in Kenya,"Mushamiri I, Luo C, Iiams-Hauser C, Ben Amor Y.",BMC Public Health. 2015 Feb 7;15:102. doi: 10.1186/s12889-015-1358-5.,Mushamiri I,BMC Public Health,2015,4/18/15,PMC4328364,,10.1186/s12889-015-1358-5,Provider,Text messages,Pilot,Positive,18 months,2-way,,data
25881735,Evidence on feasibility and effective use of mHealth strategies by frontline health workers in developing countries: systematic review,"Agarwal S, Perry HB, Long LA, Labrique AB.",Trop Med Int Health. 2015 Aug;20(8):1003-14. doi: 10.1111/tmi.12525. Epub 2015 May 14.,Agarwal S,Trop Med Int Health,2015,4/18/15,PMC4692099,,10.1111/tmi.12525,N/A,,,,,,,
35073506,"Examining the Intersection between Gender, Community Health Workers, and Vector Control Policies: A Text Mining Literature Review","De Menezes A, Nunes AC, Pimenta DN, Lotta G, Nkya T, Krieger MM, Schall B, Wenham C.",Am J Trop Med Hyg. 2022 Jan 24;106(3):768-774. doi: 10.4269/ajtmh.21-0619.,De Menezes A,Am J Trop Med Hyg,2022,1/24/22,PMC8922516,,10.4269/ajtmh.21-0619,N/A,,,,,,,
31973041,Experience of Stress Assessed by Text Messages and Its Association with Objective Workload-A Longitudinal Study,"Arapovic-Johansson B, Wåhlin C, Hagberg J, Kwak L, Axén I, Björklund C, Jensen I.",Int J Environ Res Public Health. 2020 Jan 21;17(3):680. doi: 10.3390/ijerph17030680.,Arapovic-Johansson B,Int J Environ Res Public Health,2020,1/25/20,PMC7037329,,10.3390/ijerph17030680,Provider,Text messages,Control,Positive,6 months,2-way,,data
26152142,Exploring bi-directional and SMS messaging for communications between Public Health Agencies and their stakeholders: a qualitative study,"Revere D, Calhoun R, Baseman J, Oberle M.",BMC Public Health. 2015 Jul 8;15:621. doi: 10.1186/s12889-015-1980-2.,Revere D,BMC Public Health,2015,7/9/15,PMC4494811,,10.1186/s12889-015-1980-2,N/A,,,,,,,
33047417,Exploring patient and pharmacist perspectives on complex interventions for cardiovascular prevention: A qualitative descriptive process evaluation,"Campbell DJT, Saunders-Smith T, Manns BJ, Tonelli M, Ivers N, Hemmelgarn BR, Tsuyuki RT, Pannu R, King-Shier K.",Health Expect. 2020 Dec;23(6):1485-1501. doi: 10.1111/hex.13133. Epub 2020 Oct 13.,Campbell DJT,Health Expect,2020,10/13/20,PMC7752191,,10.1111/hex.13133,Patient,,,,,,,
33478502,Factors influencing healthcare providers' attitude and willingness to use information technology in diabetes management,"Seboka BT, Yilma TM, Birhanu AY.",BMC Med Inform Decis Mak. 2021 Jan 21;21(1):24. doi: 10.1186/s12911-021-01398-w.,Seboka BT,BMC Med Inform Decis Mak,2021,1/22/21,PMC7818744,,10.1186/s12911-021-01398-w,N/A,,,,,,,
28583143,Fatigue mitigation with SleepTrackTXT2 in air medical emergency care systems: study protocol for a randomized controlled trial,"Patterson PD, Moore CG, Guyette FX, Doman JM, Sequeira D, Werman HA, Swanson D, Hostler D, Lynch J, Russo L, Hines L, Swecker K, Runyon MS, Buysse DJ.",Trials. 2017 Jun 5;18(1):254. doi: 10.1186/s13063-017-1999-z.,Patterson PD,Trials,2017,6/7/17,PMC5460424,,10.1186/s13063-017-1999-z,Provider,Text messages,Propoal,N/A,N/A,2-way,,education
29949593,Feasibility of using smartphones by village health workers for pregnancy registration and effectiveness of mobile phone text messages on reduction of homebirths in rural Uganda,"Asiki G, Newton R, Kibirige L, Kamali A, Marions L, Smedman L.",PLoS One. 2018 Jun 27;13(6):e0198653. doi: 10.1371/journal.pone.0198653. eCollection 2018.,Asiki G,PLoS One,2018,6/28/18,PMC6021061,,10.1371/journal.pone.0198653,Patient,,,,,,,
32854664,First-step validation of a text message-based application for newborn clinical management among pediatricians,"Data S, Mukama M, McMillan D, Singhal N, Bajunirwe F.",BMC Pediatr. 2020 Aug 27;20(1):406. doi: 10.1186/s12887-020-02307-2.,Data S,BMC Pediatr,2020,8/29/20,PMC7450570,,10.1186/s12887-020-02307-2,Patient,,,,,,,
31686571,GPs who volunteer to be first responders for out-of-hospital cardiac arrest: A qualitative study,"Barry T, Guerin S, Headon M, Bury G.",Eur J Gen Pract. 2020 Dec;26(1):33-41. doi: 10.1080/13814788.2019.1681194. Epub 2019 Nov 5.,Barry T,Eur J Gen Pract,2020,11/6/19,PMC7034024,,10.1080/13814788.2019.1681194,Provider,Text messages,Qualative,Positive,2 years,To,,alert
29571930,"HABIT, a Randomized Feasibility Trial to Increase Hydroxyurea Adherence, Suggests Improved Health-Related Quality of Life in Youths with Sickle Cell Disease","Smaldone A, Findley S, Manwani D, Jia H, Green NS.",J Pediatr. 2018 Jun;197:177-185.e2. doi: 10.1016/j.jpeds.2018.01.054. Epub 2018 Mar 20.,Smaldone A,J Pediatr,2018,3/25/18,PMC5970970,NIHMS937002,10.1016/j.jpeds.2018.01.054,Patient,,,,,,,
31174543,"Health worker text messaging for blended learning, peer support, and mentoring in pediatric and adolescent HIV/AIDS care: a case study in Zimbabwe","Bertman V, Petracca F, Makunike-Chikwinya B, Jonga A, Dupwa B, Jenami N, Nartker A, Wall L, Reason L, Kundhlande P, Downer A.",Hum Resour Health. 2019 Jun 7;17(1):41. doi: 10.1186/s12960-019-0364-6.,Bertman V,Hum Resour Health,2019,6/9/19,PMC6555929,,10.1186/s12960-019-0364-6,Provider,Text messages,Pilot,Positive,6 months,To,,education
32216074,Health workers' perceptions and experiences of using mHealth technologies to deliver primary healthcare services: a qualitative evidence synthesis,"Odendaal WA, Anstey Watkins J, Leon N, Goudge J, Griffiths F, Tomlinson M, Daniels K.",Cochrane Database Syst Rev. 2020 Mar 26;3(3):CD011942. doi: 10.1002/14651858.CD011942.pub2.,Odendaal WA,Cochrane Database Syst Rev,2020,3/28/20,PMC7098082,,10.1002/14651858.CD011942.pub2,N/A,,,,,,,
25113387,How 2 txt: an exploration of crafting public health messages in SMS,"Revere D, Schwartz MR, Baseman J.",BMC Res Notes. 2014 Aug 11;7:514. doi: 10.1186/1756-0500-7-514.,Revere D,BMC Res Notes,2014,8/13/14,PMC4267116,,10.1186/1756-0500-7-514,Provider,Text messages,Survey,Positive,Survey,2-way,,both
32605260,How Can Work Addiction Buffer the Influence of Work Intensification on Workplace Well-Being? The Mediating Role of Job Crafting,"Li Y, Xie W, Huo L.",Int J Environ Res Public Health. 2020 Jun 28;17(13):4658. doi: 10.3390/ijerph17134658.,Li Y,Int J Environ Res Public Health,2020,7/2/20,PMC7369906,,10.3390/ijerph17134658,N/A,,,,,,,
29895261,How public health nurses' deal with sexting among young people: a qualitative inquiry using the critical incident technique,"Clark M, Lewis A, Bradshaw S, Bradbury-Jones C.",BMC Public Health. 2018 Jun 13;18(1):729. doi: 10.1186/s12889-018-5642-z.,Clark M,BMC Public Health,2018,6/14/18,PMC5998454,,10.1186/s12889-018-5642-z,Patient,,,,,,,
31662385,"Hybrid cardiac rehabilitation trial (HYCARET): protocol of a randomised, multicentre, non-inferiority trial in South America","Serón P, Oliveros MJ, Marzuca-Nassr GN, Lanas F, Morales G, Román C, Muñoz SR, Saavedra N, Grace SL.",BMJ Open. 2019 Oct 28;9(10):e031213. doi: 10.1136/bmjopen-2019-031213.,Serón P,BMJ Open,2019,10/31/19,PMC6830628,,10.1136/bmjopen-2019-031213,Patient,,,,,,,
30741397,"If You Build It, Will They Use It? Preferences for Antiretroviral Therapy (ART) Adherence Monitoring Among People Who Inject Drugs (PWID) in Kazakhstan","Davis A, Sarsembayeva L, Gulyaev V, Primbetova S, Terlikbayeva A, Mergenova G, Remien RH.",AIDS Behav. 2019 Dec;23(12):3294-3305. doi: 10.1007/s10461-019-02421-y.,Davis A,AIDS Behav,2019,2/12/19,PMC6689452,NIHMS1011053,10.1007/s10461-019-02421-y,Patient,,,,,,,
27077354,Impact of Text Message Reminders on Caregivers' Adherence to a Home Fortification Program Against Child Anemia in Rural Western China: A Cluster-Randomized Controlled Trial,"Zhou H, Sun S, Luo R, Sylvia S, Yue A, Shi Y, Zhang L, Medina A, Rozelle S.",Am J Public Health. 2016 Jul;106(7):1256-62. doi: 10.2105/AJPH.2016.303140. Epub 2016 Apr 14.,Zhou H,Am J Public Health,2016,4/15/16,PMC4984765,,10.2105/AJPH.2016.303140,Patient,,,,,,,
29865969,Implementation of Text-Messaging and Social Media Strategies in a Multilevel Childhood Obesity Prevention Intervention: Process Evaluation Results,"Loh IH, Schwendler T, Trude ACB, Anderson Steeves ET, Cheskin LJ, Lange S, Gittelsohn J.",Inquiry. 2018 Jan-Dec;55:46958018779189. doi: 10.1177/0046958018779189.,Loh IH,Inquiry,2018,6/6/18,PMC6022210,,10.1177/0046958018779189,Patient,,,,,,,
32945772,"Implementing Facilitated Access to a Text Messaging, Smoking Cessation Intervention Among Swedish Patients Having Elective Surgery: Qualitative Study of Patients' and Health Care Professionals' Perspectives","Thomas K, Bendtsen M, Linderoth C, Bendtsen P.",JMIR Mhealth Uhealth. 2020 Sep 18;8(9):e17563. doi: 10.2196/17563.,Thomas K,JMIR Mhealth Uhealth,2020,9/18/20,PMC7532460,,10.2196/17563,Patient,,,,,,,
24116122,Improving health worker adherence to malaria treatment guidelines in Papua New Guinea: feasibility and acceptability of a text message reminder service,"Kurumop SF, Bullen C, Whittaker R, Betuela I, Hetzel MW, Pulford J.",PLoS One. 2013 Oct 7;8(10):e76578. doi: 10.1371/journal.pone.0076578. eCollection 2013.,Kurumop SF,PLoS One,2013,10/12/13,PMC3792049,,10.1371/journal.pone.0076578,Provider,Text messages,Pilot,Neutral,?,To,,alert
30188956,"Improving health worker performance through text messaging: A mixed-methods evaluation of a pilot intervention designed to increase coverage of intermittent preventive treatment of malaria in pregnancy in West Nile, Uganda","Rassi C, Gore-Langton GR, Gidudu Walimbwa B, Strachan CE, King R, Basharat S, Christiansen-Jucht C, Graham K, Gudoi SS.",PLoS One. 2018 Sep 6;13(9):e0203554. doi: 10.1371/journal.pone.0203554. eCollection 2018.,Rassi C,PLoS One,2018,9/7/18,PMC6126848,,10.1371/journal.pone.0203554,Provider,Text messages,Pilot,Positive,?,To,,alert
34411136,"Improving routine immunization data quality using daily short message system reporting platform: An experience from Nasarawa state, Nigeria","Akerele A, Uba B, Aduloju M, Etamesor S, Umar JA, Adeoye OB, Enyojo A, Josiah F, Ayandipo E, Olaoye I, Adegoke OJ, Sidney S, Bagana M, Bassey O, Ghiselli ME, Ndadilnasiya W, Bolu O, Shuaib F.",PLoS One. 2021 Aug 19;16(8):e0255563. doi: 10.1371/journal.pone.0255563. eCollection 2021.,Akerele A,PLoS One,2021,8/19/21,PMC8376034,,10.1371/journal.pone.0255563,Provider,Text messages,Pilot,Positive,6 months,2-way,,data
25332355,Increasing the response rate of text messaging data collection: a delayed randomized controlled trial,"Li Y, Wang W, Wu Q, van Velthoven MH, Chen L, Du X, Zhang Y, Rudan I, Car J.",J Am Med Inform Assoc. 2015 Jan;22(1):51-64. doi: 10.1136/amiajnl-2014-002845. Epub 2014 Oct 20.,Li Y,J Am Med Inform Assoc,2015,10/22/14,PMC4433373,,10.1136/amiajnl-2014-002845,Patient,,,,,,,
31703722,Initial loss to follow up among tuberculosis patients: the role of Ward-Based Outreach Teams and short message service (SMS) technology (research proposal),"Mwansa-Kambafwile JRM, Chasela C, Ismail N, Menezes C.",BMC Res Notes. 2019 Nov 8;12(1):737. doi: 10.1186/s13104-019-4757-3.,Mwansa-Kambafwile JRM,BMC Res Notes,2019,11/10/19,PMC6842212,,10.1186/s13104-019-4757-3,Patient,,,,,,,
31242514,Inpatient Communication Networks: Leveraging Secure Text-Messaging Platforms to Gain Insight into Inpatient Communication Systems,"Hagedorn PA, Kirkendall ES, Spooner SA, Mohan V.",Appl Clin Inform. 2019 May;10(3):471-478. doi: 10.1055/s-0039-1692401. Epub 2019 Jun 26.,Hagedorn PA,Appl Clin Inform,2019,6/27/19,PMC6594834,,10.1055/s-0039-1692401,Provider,Text messages,Retrospective,Positive,23 days,2-way,1,both
26701841,Instant messaging - one solution to doctor-student communication?,"Hossain IT, Mughal U, Atalla B, Franka M, Siddiqui S, Muntasir M.",Med Educ Online. 2015 Dec 23;20:30593. doi: 10.3402/meo.v20.30593. eCollection 2015.,Hossain IT,Med Educ Online,2015,12/25/15,PMC4689952,,10.3402/meo.v20.30593,Provider,Text messages,?,?,?,2-way,1,alert
27626117,Instant Messaging: A Simple Tool to Improve Teamwork and Wait Times,Cuenca AE.,Fam Pract Manag. 2016 Sep-Oct;23(5):28-30.,Cuenca AE,Fam Pract Manag,2016,9/15/16,,,,Provider,Text messages,Pilot,Positive,N/A,2-way,1,both
31768907,Instant Messaging: an Innovative Way to Recruit Primary Care Providers for Qualitative Research,"Wu J, Lewis ET, Barnett PG, Nevedal AL.",J Gen Intern Med. 2020 May;35(5):1612-1614. doi: 10.1007/s11606-019-05533-2. Epub 2019 Nov 25.,Wu J,J Gen Intern Med,2020,11/27/19,PMC7210365,,10.1007/s11606-019-05533-2,Provider,Text messages,Survey,Positive,10 Months,To,,alert
29858411,"Interventional study to improve diabetic guidelines adherence using mobile health (m-Health) technology in Lahore, Pakistan","Hashmi NR, Khan SA.",BMJ Open. 2018 May 31;8(5):e020094. doi: 10.1136/bmjopen-2017-020094.,Hashmi NR,BMJ Open,2018,6/3/18,PMC5988082,,10.1136/bmjopen-2017-020094,Provider,Text messages,Control,Positive,5 months,To,,education
26792221,"Lay health supporters aided by a mobile phone messaging system to improve care of villagers with schizophrenia in Liuyang, China: protocol for a randomised control trial","Xu DR, Gong W, Caine ED, Xiao S, Hughes JP, Ng M, Simoni J, He H, Smith KL, Brown HS 3rd, Gloyd S.",BMJ Open. 2016 Jan 20;6(1):e010120. doi: 10.1136/bmjopen-2015-010120.,Xu DR,BMJ Open,2016,1/22/16,PMC4735204,,10.1136/bmjopen-2015-010120,Patient,,,,,,,
31013275,"Lay health supporters aided by mobile text messaging to improve adherence, symptoms, and functioning among people with schizophrenia in a resource-poor community in rural China (LEAN): A randomized controlled trial","Xu DR, Xiao S, He H, Caine ED, Gloyd S, Simoni J, Hughes JP, Nie J, Lin M, He W, Yuan Y, Gong W.",PLoS Med. 2019 Apr 23;16(4):e1002785. doi: 10.1371/journal.pmed.1002785. eCollection 2019 Apr.,Xu DR,PLoS Med,2019,4/24/19,PMC6478272,,10.1371/journal.pmed.1002785,Patient,,,,,,,
32611435,Lessons learned through piloting a community-based SMS referral system for common mental health disorders used by female community health volunteers in rural Nepal,"Bhardwaj A, Subba P, Rai S, Bhat C, Ghimire R, Jordans MJD, Green E, Vasudevan L, Kohrt BA.",BMC Res Notes. 2020 Jul 1;13(1):309. doi: 10.1186/s13104-020-05148-5.,Bhardwaj A,BMC Res Notes,2020,7/3/20,PMC7328268,,10.1186/s13104-020-05148-5,Patient,,,,,,,
28708825,Lymphatic filariasis patient identification in a large urban area of Tanzania: An application of a community-led mHealth system,"Mwingira U, Chikawe M, Mandara WL, Mableson HE, Uisso C, Mremi I, Malishee A, Malecela M, Mackenzie CD, Kelly-Hope LA, Stanton MC.",PLoS Negl Trop Dis. 2017 Jul 14;11(7):e0005748. doi: 10.1371/journal.pntd.0005748. eCollection 2017 Jul.,Mwingira U,PLoS Negl Trop Dis,2017,7/15/17,PMC5529014,,10.1371/journal.pntd.0005748,Patient,,,,,,,
24733146,"Mapping physician Twitter networks: describing how they work as a first step in understanding connectivity, information flow, and message diffusion","Mishori R, Singh LO, Levy B, Newport C.",J Med Internet Res. 2014 Apr 14;16(4):e107. doi: 10.2196/jmir.3006.,Mishori R,J Med Internet Res,2014,4/16/14,PMC4004136,,10.2196/jmir.3006,N/A,,,,,,,
24204872,Meeting community health worker needs for maternal health care service delivery using appropriate mobile technologies in Ethiopia,"Little A, Medhanyie A, Yebyo H, Spigt M, Dinant GJ, Blanco R.",PLoS One. 2013 Oct 29;8(10):e77563. doi: 10.1371/journal.pone.0077563. eCollection 2013.,Little A,PLoS One,2013,11/9/13,PMC3812262,,10.1371/journal.pone.0077563,Provider,Text messages,Pilot,Neutral,18 months,2-way,,both
28371932,Mixed contact methods to improve response to a postal questionnaire,"Weston D, Parsons V, Ntani G, Rushton L, Madan I.",Occup Med (Lond). 2017 Jun 1;67(4):305-307. doi: 10.1093/occmed/kqx032.,Weston D,Occup Med (Lond),2017,4/4/17,,,10.1093/occmed/kqx032,Provider,Text messages,Pilot,Positive,6 weeks,To,,alert
30808379,Mixed-methods approach to evaluate an mHealth intervention to increase adherence to triage of human papillomavirus-positive women who have performed self-collection (the ATICA study): study protocol for a hybrid type I cluster randomized effectiveness-implementation trial,"Arrossi S, Paolino M, Orellana L, Thouyaret L, Kohler RE, Viswanath K.",Trials. 2019 Feb 26;20(1):148. doi: 10.1186/s13063-019-3229-3.,Arrossi S,Trials,2019,2/28/19,PMC6390557,,10.1186/s13063-019-3229-3,Patient,,,,,,,
26958197,mobile Digital Access to a Web-enhanced Network (mDAWN): Assessing the Feasibility of Mobile Health Tools for Self-Management of Type-2 Diabetes,"Ho K, Newton L, Boothe A, Novak-Lauscher H.",AMIA Annu Symp Proc. 2015 Nov 5;2015:621-9. eCollection 2015.,Ho K,AMIA Annu Symp Proc,2015,3/10/16,PMC4765618,,,Patient,,,,,,,
23353680,Mobile health (mHealth) approaches and lessons for increased performance and retention of community health workers in low- and middle-income countries: a review,"Källander K, Tibenderana JK, Akpogheneta OJ, Strachan DL, Hill Z, ten Asbroek AH, Conteh L, Kirkwood BR, Meek SR.",J Med Internet Res. 2013 Jan 25;15(1):e17. doi: 10.2196/jmir.2130.,Källander K,J Med Internet Res,2013,1/29/13,PMC3636306,,10.2196/jmir.2130,Provider,Text messages,Review,Positive,N/A,2-way,,both
31464623,Mobile phone short message service (SMS) as a malaria control tool: a quasi-experimental study,"Mohammed A, Acheampong PR, Otupiri E, Osei FA, Larson-Reindorf R, Owusu-Dabo E.",BMC Public Health. 2019 Aug 29;19(1):1193. doi: 10.1186/s12889-019-7336-6.,Mohammed A,BMC Public Health,2019,8/30/19,PMC6716929,,10.1186/s12889-019-7336-6,Patient,,,,,,,
24952387,Mobile phone text messaging intervention to improve alertness and reduce sleepiness and fatigue during shiftwork among emergency medicine clinicians: study protocol for the SleepTrackTXT pilot randomized controlled trial,"Patterson PD, Moore CG, Weaver MD, Buysse DJ, Suffoletto BP, Callaway CW, Yealy DM.",Trials. 2014 Jun 21;15:244. doi: 10.1186/1745-6215-15-244.,Patterson PD,Trials,2014,6/23/14,PMC4080698,,10.1186/1745-6215-15-244,Provider,Text messages,Propoal,Neutral,90 day,2-way,,data
25133610,Mobile phones: the next step towards healthcare delivery in rural India?,"DeSouza SI, Rashmi MR, Vasanthi AP, Joseph SM, Rodrigues R.",PLoS One. 2014 Aug 18;9(8):e104895. doi: 10.1371/journal.pone.0104895. eCollection 2014.,DeSouza SI,PLoS One,2014,8/19/14,PMC4136858,,10.1371/journal.pone.0104895,Patient,,,,,,,
24700982,"Monitoring polio supplementary immunization activities using an automated short text messaging system in Karachi, Pakistan","Kazi AM, Murtaza A, Khoja S, Zaidi AK, Ali SA.",Bull World Health Organ. 2014 Mar 1;92(3):220-5. doi: 10.2471/BLT.13.122564. Epub 2013 Nov 27.,Kazi AM,Bull World Health Organ,2014,4/5/14,PMC3949591,,10.2471/BLT.13.122564,Patient,,,,,,,
28745094,NICH at Its Best for Diabetes at Its Worst: Texting Teens and Their Caregivers for Better Outcomes,"Wagner DV, Barry SA, Stoeckel M, Teplitsky L, Harris MA.",J Diabetes Sci Technol. 2017 May;11(3):468-475. doi: 10.1177/1932296817695337. Epub 2017 Feb 1.,Wagner DV,J Diabetes Sci Technol,2017,7/27/17,PMC5505437,,10.1177/1932296817695337,Patient,,,,,,,
23672301,"Ownership and use of mobile phones among health workers, caregivers of sick children and adult patients in Kenya: cross-sectional national survey","Zurovac D, Otieno G, Kigen S, Mbithi AM, Muturi A, Snow RW, Nyandigisi A.",Global Health. 2013 May 14;9:20. doi: 10.1186/1744-8603-9-20.,Zurovac D,Global Health,2013,5/16/13,PMC3695884,,10.1186/1744-8603-9-20,Provider,N/A,N/A,N/A,N/A,,,
30973925,Patient and health-care worker experiences of an HIV viral load intervention using SMS: A qualitative study,"Venables E, Ndlovu Z, Munyaradzi D, Martínez-Pérez G, Mbofana E, Nyika P, Chidawanyika H, Garone DB, Bygrave H.",PLoS One. 2019 Apr 11;14(4):e0215236. doi: 10.1371/journal.pone.0215236. eCollection 2019.,Venables E,PLoS One,2019,4/12/19,PMC6459516,,10.1371/journal.pone.0215236,Patient,,,,,,,
29473483,Patient Perceptions of Text Messaging to Improve Antiretroviral Therapy Adherence: A Qualitative Study of Patients in a Ryan White Clinic,"Sherman E, Clauson KA, Elrod S, Eckardt P, Alkhateeb F, Jacobs R.",J Int Assoc Provid AIDS Care. 2018 Jan-Dec;17:2325958218759209. doi: 10.1177/2325958218759209.,Sherman E,J Int Assoc Provid AIDS Care,2018,2/24/18,PMC6748548,,10.1177/2325958218759209,Patient,,,,,,,
25401324,Patient-clinician mobile communication: analyzing text messaging between adolescents with asthma and nurse case managers,"Yoo W, Kim SY, Hong Y, Chih MY, Shah DV, Gustafson DH.",Telemed J E Health. 2015 Jan;21(1):62-9. doi: 10.1089/tmj.2013.0359. Epub 2014 Nov 17.,Yoo W,Telemed J E Health,2015,11/18/14,PMC4361362,,10.1089/tmj.2013.0359,Patient,,,,,,,
35321707,Patients' and providers' perspectives on e-health applications designed for self-care in association with surgery - a scoping review,"Wikström L, Schildmeijer K, Nylander EM, Eriksson K.",BMC Health Serv Res. 2022 Mar 23;22(1):386. doi: 10.1186/s12913-022-07718-8.,Wikström L,BMC Health Serv Res,2022,3/24/22,PMC8944084,,10.1186/s12913-022-07718-8,Patient,,,,,,,
31412937,"Peek Community Eye Health - mHealth system to increase access and efficiency of eye health services in Trans Nzoia County, Kenya: study protocol for a cluster randomised controlled trial","Rono H, Bastawrous A, Macleod D, Wanjala E, Gichuhi S, Burton M.",Trials. 2019 Aug 14;20(1):502. doi: 10.1186/s13063-019-3615-x.,Rono H,Trials,2019,8/16/19,PMC6694474,,10.1186/s13063-019-3615-x,Patient,,,,,,,
26371563,Physicians Should Counsel Adolescents on the Harms of Sexting,"Nguyen BM, Bounds G.",Am Fam Physician. 2015 Sep 1;92(5):332.,Nguyen BM,Am Fam Physician,2015,9/16/15,,,,Patient,,,,,,,
29996833,Post-discharge malaria chemoprevention (PMC) in Malawi: caregivers` acceptance and preferences with regard to delivery methods,"Svege S, Kaunda B, Robberstad B, Nkosi-Gondwe T, Phiri KS, Lange S.",BMC Health Serv Res. 2018 Jul 11;18(1):544. doi: 10.1186/s12913-018-3327-z.,Svege S,BMC Health Serv Res,2018,7/13/18,PMC6042227,,10.1186/s12913-018-3327-z,Patient,,,,,,,
25691234,Predictors for assessing electronic messaging between nurses and general practitioners as a useful tool for communication in home health care services: a cross-sectional study,"Lyngstad M, Hofoss D, Grimsmo A, Hellesø R.",J Med Internet Res. 2015 Feb 17;17(2):e47. doi: 10.2196/jmir.4056.,Lyngstad M,J Med Internet Res,2015,2/19/15,PMC4376142,,10.2196/jmir.4056,Provider,Text messages,Survey,Positive,Survey,2-way,,both
33422066,Process evaluations of early childhood obesity prevention interventions delivered via telephone or text messages: a systematic review,"Ekambareshwar M, Ekambareshwar S, Mihrshahi S, Wen LM, Baur LA, Laws R, Taki S, Rissel C.",Int J Behav Nutr Phys Act. 2021 Jan 9;18(1):10. doi: 10.1186/s12966-020-01074-8.,Ekambareshwar M,Int J Behav Nutr Phys Act,2021,1/10/21,PMC7796572,,10.1186/s12966-020-01074-8,Patient,,,,,,,
33988789,Promoting Culturally Tailored mHealth: A Scoping Review of Mobile Health Interventions in Latinx Communities,"Gonzalez C, Early J, Gordon-Dseagu V, Mata T, Nieto C.",J Immigr Minor Health. 2021 Oct;23(5):1065-1077. doi: 10.1007/s10903-021-01209-4. Epub 2021 May 14.,Gonzalez C,J Immigr Minor Health,2021,5/14/21,PMC8120499,,10.1007/s10903-021-01209-4,Patient,,,,,,,
24101544,Provider-to-provider electronic communication in the era of meaningful use: a review of the evidence,"Walsh C, Siegler EL, Cheston E, O'Donnell H, Collins S, Stein D, Vawdrey DK, Stetson PD; Informatics Intervention Research Collaboration (I2RC).",J Hosp Med. 2013 Oct;8(10):589-97. doi: 10.1002/jhm.2082.,Walsh C,J Hosp Med,2013,10/9/13,PMC4030393,NIHMS573255,10.1002/jhm.2082,Provider,Text messages,Literature Review,Neutral,Survey,2-way,1,both
23915324,Public health communications and alert fatigue,"Baseman JG, Revere D, Painter I, Toyoji M, Thiede H, Duchin J.",BMC Health Serv Res. 2013 Aug 5;13:295. doi: 10.1186/1472-6963-13-295.,Baseman JG,BMC Health Serv Res,2013,8/7/13,PMC3751004,,10.1186/1472-6963-13-295,Provider,Text messages,Survey,Positive,Survey,N/A,1,alert
28651602,Rapid sociometric mapping of community health workers to identify opinion leaders using an SMS platform: a short report,"Odeny TA, Petersen M, Muga CT, Lewis-Kulzer J, Bukusi EA, Geng EH.",Implement Sci. 2017 Jun 26;12(1):80. doi: 10.1186/s13012-017-0611-y.,Odeny TA,Implement Sci,2017,6/28/17,PMC5485544,,10.1186/s13012-017-0611-y,Provider,Text messages,Survey,Positive,Survey,N/A,,both
31337414,"Reducing provider workload while preserving patient safety via a two-way texting intervention in Zimbabwe's voluntary medical male circumcision program: study protocol for an un-blinded, prospective, non-inferiority, randomized controlled trial","Feldacker C, Murenje V, Barnhart S, Xaba S, Makunike-Chikwinya B, Holeman I, Tshimanga M.",Trials. 2019 Jul 23;20(1):451. doi: 10.1186/s13063-019-3470-9.,Feldacker C,Trials,2019,7/25/19,PMC6651991,,10.1186/s13063-019-3470-9,Patient,Text messages,Control,N/A,N/A,,,
30889802,Rethinking Models of Outpatient Specialist Care in Type 2 Diabetes Using eHealth: Study Protocol for a Pilot Randomised Controlled Trial,"Menon A, Fatehi F, Bird D, Darssan D, Karunanithi M, Russell A, Gray L.",Int J Environ Res Public Health. 2019 Mar 18;16(6):959. doi: 10.3390/ijerph16060959.,Menon A,Int J Environ Res Public Health,2019,3/21/19,PMC6466144,,10.3390/ijerph16060959,Patient,,,,,,,
32560496,Sex and Gender in Research on Healthcare Workers in Conflict Settings: A Scoping Review,"Habib RR, Halwani DA, Mikati D, Hneiny L.",Int J Environ Res Public Health. 2020 Jun 17;17(12):4331. doi: 10.3390/ijerph17124331.,Habib RR,Int J Environ Res Public Health,2020,6/21/20,PMC7346087,,10.3390/ijerph17124331,N/A,,,,,,,
29463312,SMS text messaging to measure working time: the design of a time use study among general practitioners,"van Hassel D, van der Velden L, de Bakker D, Batenburg R.",BMC Health Serv Res. 2018 Feb 20;18(1):131. doi: 10.1186/s12913-018-2926-z.,van Hassel D,BMC Health Serv Res,2018,2/22/18,PMC5819672,,10.1186/s12913-018-2926-z,Provider,Text messages,Pilot,Positive,1 year,2-way,,data
27327779,Study protocol for a randomized controlled trial to assess the feasibility of an open label intervention to improve hydroxyurea adherence in youth with sickle cell disease,"Smaldone A, Findley S, Bakken S, Matiz LA, Rosenthal SL, Jia H, Matos S, Manwani D, Green NS.",Contemp Clin Trials. 2016 Jul;49:134-42. doi: 10.1016/j.cct.2016.06.004. Epub 2016 Jun 17.,Smaldone A,Contemp Clin Trials,2016,6/22/16,PMC5024731,NIHMS797606,10.1016/j.cct.2016.06.004,Patient,,,,,,,
26085026,Successful mLearning Pilot in Senegal: Delivering Family Planning Refresher Training Using Interactive Voice Response and SMS,"Diedhiou A, Gilroy KE, Cox CM, Duncan L, Koumtingue D, Pacqué-Margolis S, Fort A, Settle D, Bailey R.",Glob Health Sci Pract. 2015 Jun 2;3(2):305-21. doi: 10.9745/GHSP-D-14-00220.,Diedhiou A,Glob Health Sci Pract,2015,6/19/15,PMC4476867,,10.9745/GHSP-D-14-00220,Provider,Text messages,Pilot,Positive,10 months,To,,education
31941418,Systematic Review of Technology-Based Interventions Targeting Chronically Ill Adults and Their Caregivers,"Irani E, Niyomyart A, Hickman RL Jr.",West J Nurs Res. 2020 Nov;42(11):974-992. doi: 10.1177/0193945919897011. Epub 2020 Jan 16.,Irani E,West J Nurs Res,2020,1/17/20,PMC8096122,NIHMS1066599,10.1177/0193945919897011,Patient,,,,,,,
30370755,Technology-aided leisure and communication support in extensive neuro-motor and communication impairments,"D'amico F, Lancioni GE, Buonocunto F, Ricci C, Fiore P.",Eur J Phys Rehabil Med. 2019 Oct;55(5):682-686. doi: 10.23736/S1973-9087.18.05521-1. Epub 2018 Oct 29.,D'amico F,Eur J Phys Rehabil Med,2019,10/30/18,,,10.23736/S1973-9087.18.05521-1,Patient,,,,,,,
28224941,Telehealth Applications to Enhance CKD Knowledge and Awareness Among Patients and Providers,"Tuot DS, Boulware LE.",Adv Chronic Kidney Dis. 2017 Jan;24(1):39-45. doi: 10.1053/j.ackd.2016.11.017.,Tuot DS,Adv Chronic Kidney Dis,2017,2/23/17,PMC5324778,NIHMS832652,10.1053/j.ackd.2016.11.017,Patient,,,,,,,
25070182,Test result communication in primary care: clinical and office staff perspectives,"Litchfield IJ, Bentham LM, Lilford RJ, Greenfield SM.",Fam Pract. 2014 Oct;31(5):592-7. doi: 10.1093/fampra/cmu041. Epub 2014 Jul 28.,Litchfield IJ,Fam Pract,2014,7/30/14,PMC4169669,,10.1093/fampra/cmu041,Patient,,,,,,,
23143846,Testing messages to encourage discussion of clinical trials among cancer survivors and their physicians: examining monitoring style and message detail,"Duncan LR, Latimer AE, Pomery E, Rivers SE, Berotoli MC, Salovey P.",J Cancer Educ. 2013 Mar;28(1):119-26. doi: 10.1007/s13187-012-0431-3.,Duncan LR,J Cancer Educ,2013,11/13/12,PMC3594111,NIHMS420754,10.1007/s13187-012-0431-3,Patient,,,,,,,
31340023,Text message alerts to emergency physicians identifying potential study candidates increase clinical trial enrollment,"Simon LE, Rauchwerger AS, Chettipally UK, Babakhanian L, Vinson DR, Warton EM, Reed ME, Kharbanda AB, Kharbanda EO, Ballard DW.",J Am Med Inform Assoc. 2019 Nov 1;26(11):1360-1363. doi: 10.1093/jamia/ocz118.,Simon LE,J Am Med Inform Assoc,2019,7/25/19,PMC6798557,,10.1093/jamia/ocz118,Provider,Text messages,Pilot,Positive,3 months,To,1,alert
30010355,Text message exchanges between older adults with serious mental illness and older certified peer specialists in a smartphone-supported self-management intervention,"Fortuna KL, Naslund JA, Aschbrenner KA, Lohman MC, Storm M, Batsis JA, Bartels SJ.",Psychiatr Rehabil J. 2019 Mar;42(1):57-63. doi: 10.1037/prj0000305. Epub 2018 Jul 16.,Fortuna KL,Psychiatr Rehabil J,2019,7/17/18,PMC6335192,NIHMS977953,10.1037/prj0000305,Patient,,,,,,,
24209663,"Text messaging among residents and faculty in a university general surgery residency program: prevalence, purpose, and patient care","Shah DR, Galante JM, Bold RJ, Canter RJ, Martinez SR.",J Surg Educ. 2013 Nov-Dec;70(6):826-34. doi: 10.1016/j.jsurg.2012.05.003. Epub 2012 Jun 15.,Shah DR,J Surg Educ,2013,11/12/13,PMC3824151,NIHMS378922,10.1016/j.jsurg.2012.05.003,Provider,Text messages,Survey,Positive,Survey,N/A,,both
24305514,Text messaging data collection for monitoring an infant feeding intervention program in rural China: feasibility study,"Li Y, Wang W, van Velthoven MH, Chen L, Car J, Rudan I, Zhang Y, Wu Q, Du X, Scherpbier RW.",J Med Internet Res. 2013 Dec 4;15(12):e269. doi: 10.2196/jmir.2906.,Li Y,J Med Internet Res,2013,12/6/13,PMC3869081,,10.2196/jmir.2906,Patient,,,,,,,
30373478,Text messaging promoting physician-led brief intervention tobacco cessation: A before-and-after study among physicians in three tertiary hospitals in Nigeria,"Odukoya O, Faseru B, Uguru N, Jamda M, Onigbogi O, James O, Leischow S, Ayo-Yusuf O.",Subst Abus. 2020;41(2):186-190. doi: 10.1080/08897077.2018.1526844. Epub 2018 Oct 29.,Odukoya O,Subst Abus,2020,10/31/18,PMC6488441,NIHMS1520388,10.1080/08897077.2018.1526844,Provider,Text messages,Pilot,Neutral,13 weeks,To,,education
33792010,Text Messaging Real-Time COVID-19 Clinical Guidance to Hospital Employees,"Williams C, Rao A, Ziemba JB, Myers JS, Patel N.",Appl Clin Inform. 2021 Mar;12(2):259-265. doi: 10.1055/s-0041-1726117. Epub 2021 Mar 31.,Williams C,Appl Clin Inform,2021,4/1/21,PMC8013730,,10.1055/s-0041-1726117,Provider,Text messages,Pilot,Positive,2 weeks,To,,education
25646876,Text messaging to improve resident knowledge: a randomized controlled trial,"Mount HR, Zakrajsek T, Huffman M, Deffenbacher B, Gallagher K, Skinker B, Rivard G, Benson S, Dancel R, Buckman F, Hayes M, Jackson J, Viera AJ.",Fam Med. 2015 Jan;47(1):37-42.,Mount HR,Fam Med,2015,2/4/15,,,,Provider,Text messages,Control,Negative,12 weeks,To,,education
27780350,Text messaging versus email for emergency medicine residents' knowledge retention: a pilot comparison in the United States,"Hoonpongsimanont W, Kulkarni M, Tomas-Domingo P, Anderson C, McCormack D, Tu K, Chakravarthy B, Lotfipour S.",J Educ Eval Health Prof. 2016 Oct 26;13:36. doi: 10.3352/jeehp.2016.13.36. eCollection 2016.,Hoonpongsimanont W,J Educ Eval Health Prof,2016,10/26/16,PMC5121189,,10.3352/jeehp.2016.13.36,Provider,Text messages,Control,Neutral,1 year,To,,education
27030051,Texting Adolescents in Repeat DKA and Their Caregivers,"Wagner DV, Barry S, Teplitsky L, Sheffield A, Stoeckel M, Ogden JD, Karkula E, Hartman A, Duke DC, Spiro K, Harris MA.",J Diabetes Sci Technol. 2016 Jun 28;10(4):831-9. doi: 10.1177/1932296816639610. Print 2016 Jul.,Wagner DV,J Diabetes Sci Technol,2016,4/1/16,PMC4928235,,10.1177/1932296816639610,Patient,,,,,,,
30800955,Texting Brief Podcasts to Deliver Faculty Development to Community-Based Preceptors in Longitudinal Integrated Clerkships,"Bernstein J, Mazotti L, Ziv TA, Drowos J, Whitlock S, Wood SK, Galvin SL, Latessa R.",MedEdPORTAL. 2018 Sep 21;14:10755. doi: 10.15766/mep_2374-8265.10755.,Bernstein J,MedEdPORTAL,2018,2/26/19,PMC6342434,,10.15766/mep_2374-8265.10755,Provider,N/A,N/A,N/A,N/A,,,
25157309,Texting while driving: does the new law work among healthcare providers?,"Mathew AE, Houry D, Dente CJ, Salomone JP.",West J Emerg Med. 2014 Aug;15(5):604-8. doi: 10.5811/westjem.2014.4.21273. Epub 2014 Aug 1.,Mathew AE,West J Emerg Med,2014,8/27/14,PMC4140204,,10.5811/westjem.2014.4.21273,Provider,Text messages,N/A,N/A,N/A,N/A,,N/A
33309237,The development of a social norms adherence intervention for adolescents with epilepsy,"Modi AC, Patel AD, Gutierrez-Colina AM, Wetter SE, Heckaman LM, Debs A, Mara CA, Wentzel E, Schmidt M, Stevens J.",Epilepsy Behav. 2021 Jan;114(Pt A):107628. doi: 10.1016/j.yebeh.2020.107628. Epub 2020 Dec 9.,Modi AC,Epilepsy Behav,2021,12/14/20,PMC7855277,NIHMS1647280,10.1016/j.yebeh.2020.107628,Patient,,,,,,,
30567603,The effect of mobile phone text message reminders on health workers' adherence to case management guidelines for malaria and other diseases in Malawi: lessons from qualitative data from a cluster-randomized trial,"Kaunda-Khangamwa BN, Steinhardt LC, Rowe AK, Gumbo A, Moyo D, Nsona H, Troell P, Zurovac D, Mathanga D.",Malar J. 2018 Dec 19;17(1):481. doi: 10.1186/s12936-018-2629-2.,Kaunda-Khangamwa BN,Malar J,2018,12/21/18,PMC6299948,,10.1186/s12936-018-2629-2,Provider,Text messages,Control,Positive,N/A,To,,alert
30628566,"The Effect of Text Message Reminders to Health Workers on Quality of Care for Malaria, Pneumonia, and Diarrhea in Malawi: A Cluster-Randomized, Controlled Trial","Steinhardt LC, Mathanga DP, Mwandama D, Nsona H, Moyo D, Gumbo A, Kobayashi M, Namuyinga R, Shah MP, Bauleni A, Troell P, Zurovac D, Rowe AK.",Am J Trop Med Hyg. 2019 Feb;100(2):460-469. doi: 10.4269/ajtmh.18-0529.,Steinhardt LC,Am J Trop Med Hyg,2019,1/11/19,PMC6367625,,10.4269/ajtmh.18-0529,Provider,Text messages,Survey,Neutral,Survey,To,,education
24490872,"The feasibility, patterns of use and acceptability of using mobile phone text-messaging to improve treatment adherence and post-treatment review of children with uncomplicated malaria in western Kenya","Otieno G, Githinji S, Jones C, Snow RW, Talisuna A, Zurovac D.",Malar J. 2014 Feb 3;13:44. doi: 10.1186/1475-2875-13-44.,Otieno G,Malar J,2014,2/5/14,PMC3922741,,10.1186/1475-2875-13-44,Patient,,,,,,,
30463637,"The impact of a multilevel childhood obesity prevention intervention on healthful food acquisition, preparation, and fruit and vegetable consumption on African-American adult caregivers","Trude AC, Surkan PJ, Anderson Steeves E, Pollack Porter K, Gittelsohn J.",Public Health Nutr. 2019 May;22(7):1300-1315. doi: 10.1017/S1368980018003038. Epub 2018 Nov 22.,Trude AC,Public Health Nutr,2019,11/23/18,PMC6486455,NIHMS1508701,10.1017/S1368980018003038,Patient,,,,,,,
27861516,The mCME Project: A Randomized Controlled Trial of an SMS-Based Continuing Medical Education Intervention for Improving Medical Knowledge among Vietnamese Community Based Physicians' Assistants,"Gill CJ, Le Ngoc B, Halim N, Nguyen Viet H, Larson Williams A, Nguyen Van T, McNabb M, Tran Thi Ngoc L, Falconer A, An Phan Ha H, Rohr J, Hoang H, Michiel J, Nguyen Thi Thanh T, Bird L, Pham Vu H, Yeshitla M, Ha Van N, Sabin L.",PLoS One. 2016 Nov 18;11(11):e0166293. doi: 10.1371/journal.pone.0166293. eCollection 2016.,Gill CJ,PLoS One,2016,11/19/16,PMC5115715,,10.1371/journal.pone.0166293,Provider,Text messages,Control,Negative,6 months,To,,education
25183722,The promise and pitfalls of global mHealth,Shuchman M.,CMAJ. 2014 Oct 21;186(15):1134-5. doi: 10.1503/cmaj.109-4861. Epub 2014 Sep 2.,Shuchman M,CMAJ,2014,9/4/14,PMC4203596,,10.1503/cmaj.109-4861,N/A,N/A,N/A,N/A,N/A,,,
29795579,The South African Rea Phela Health Study: A randomized controlled trial of communication retention strategies,"Rhyne JM, Mumbauer A, Rheeder P, Hall MN, Genkinger J, Medina-Marino A.",PLoS One. 2018 May 24;13(5):e0196900. doi: 10.1371/journal.pone.0196900. eCollection 2018.,Rhyne JM,PLoS One,2018,5/26/18,PMC5967788,,10.1371/journal.pone.0196900,Provider,Text messages,Control,Neutral,?,To,,education
28183323,"The TECH@HOME study, a technological intervention to reduce caregiver burden for informal caregivers of people with dementia: study protocol for a randomized controlled trial","Malmgren Fänge A, Schmidt SM, Nilsson MH, Carlsson G, Liwander A, Dahlgren Bergström C, Olivetti P, Johansson P, Chiatti C; TECH@HOME Research Group.",Trials. 2017 Feb 9;18(1):63. doi: 10.1186/s13063-017-1796-8.,Malmgren Fänge A,Trials,2017,2/11/17,PMC5301412,,10.1186/s13063-017-1796-8,Patient,,,,,,,
33566350,The Text Effect: Stress Management and Resiliency Training Pilot for Resident Physicians,"Nathan J, McCray L, Feldman N.",Fam Med. 2021 Feb;53(2):139-144. doi: 10.22454/FamMed.2021.847102.,Nathan J,Fam Med,2021,2/10/21,,,10.22454/FamMed.2021.847102,Provider,Text messages,Survey,Positive,Survey,To,,education
25298819,The use of smartphones on General Internal Medicine wards: a mixed methods study,"Tran K, Morra D, Lo V, Quan S, Wu R.",Appl Clin Inform. 2014 Sep 10;5(3):814-23. doi: 10.4338/ACI-2014-02-RA-0011. eCollection 2014.,Tran K,Appl Clin Inform,2014,10/10/14,PMC4187096,,10.4338/ACI-2014-02-RA-0011,provider,Text messages,Mixed Methods,Positive,?,2-way,,both
27165558,The Voice of Chinese Health Consumers: A Text Mining Approach to Web-Based Physician Reviews,"Hao H, Zhang K.",J Med Internet Res. 2016 May 10;18(5):e108. doi: 10.2196/jmir.4430.,Hao H,J Med Internet Res,2016,5/12/16,PMC4879326,,10.2196/jmir.4430,Patient,,,,,,,
32139420,Two-Way Short Message Service (SMS) Communication May Increase Pre-Exposure Prophylaxis Continuation and Adherence Among Pregnant and Postpartum Women in Kenya,"Pintye J, Rogers Z, Kinuthia J, Mugwanya KK, Abuna F, Lagat H, Sila J, Kemunto V, Baeten JM, John-Stewart G, Unger JA.",Glob Health Sci Pract. 2020 Mar 31;8(1):55-67. doi: 10.9745/GHSP-D-19-00347. Print 2020 Mar 30.,Pintye J,Glob Health Sci Pract,2020,3/7/20,PMC7108943,,10.9745/GHSP-D-19-00347,Patient,,,,,,,
27716256,"Use of email, cell phone and text message between patients and primary-care physicians: cross-sectional study in a French-speaking part of Switzerland","Dash J, Haller DM, Sommer J, Junod Perron N.",BMC Health Serv Res. 2016 Oct 5;16(1):549. doi: 10.1186/s12913-016-1776-9.,Dash J,BMC Health Serv Res,2016,10/8/16,PMC5051025,,10.1186/s12913-016-1776-9,Provider,Text messages,Cross-sectional,Positive,?,2-way,,alert
25110372,Use of text messages to communicate clinical recommendations to health workers in rural China: a cluster-randomized trial,"Chen Y, Yang K, Jing T, Tian J, Shen X, Xie C, Ma B, Liu Y, Yao L, Cao X.",Bull World Health Organ. 2014 Jul 1;92(7):474-81. doi: 10.2471/BLT.13.127076. Epub 2014 Mar 25.,Chen Y,Bull World Health Organ,2014,8/12/14,PMC4121864,,10.2471/BLT.13.127076,Provider,Text messages,Control,Positive,3 months,To,,education
28947620,Use of text messaging in general practice: a mixed methods investigation on GPs' and patients' views,"Leahy D, Lyons A, Dahm M, Quinlan D, Bradley C.",Br J Gen Pract. 2017 Nov;67(664):e744-e750. doi: 10.3399/bjgp17X693065. Epub 2017 Sep 25.,Leahy D,Br J Gen Pract,2017,9/27/17,PMC5647917,,10.3399/bjgp17X693065,Patient,,,,,,,
29352304,Using daily text messages to improve adherence to infant micronutrient powder (MNP) packets in rural western China: A cluster-randomized controlled trial,"Wang X, Luo R, Liu C, Zhang L, Yue A, Medina A, Rozelle S.",PLoS One. 2018 Jan 19;13(1):e0191549. doi: 10.1371/journal.pone.0191549. eCollection 2018.,Wang X,PLoS One,2018,1/21/18,PMC5774801,,10.1371/journal.pone.0191549,Patient,,,,,,,
30943824,Using mH ealth Tools to Improve Access and Coverage of People With Public Health Insurance and High Cardiovascular Disease Risk in Argentina: A Pragmatic Cluster Randomized Trial,"Beratarrechea A, Abrahams-Gessel S, Irazola V, Gutierrez L, Moyano D, Gaziano TA.",J Am Heart Assoc. 2019 Apr 16;8(8):e011799. doi: 10.1161/JAHA.118.011799.,Beratarrechea A,J Am Heart Assoc,2019,4/5/19,PMC6507203,,10.1161/JAHA.118.011799,Patient,,,,,,,
27185174,Using short-message-service notification as a method to improve acute flaccid paralysis surveillance in Papua New Guinea,"Datta SS, Ropa B, Sui GP, Khattar R, Krishnan RS, Okayasu H.",BMC Public Health. 2016 May 17;16:409. doi: 10.1186/s12889-016-3062-5.,Datta SS,BMC Public Health,2016,5/18/16,PMC4869347,,10.1186/s12889-016-3062-5,Patient,,,,,,,
31752872,"Utilizing perspectives from HIV-infected women, male partners and healthcare providers to design family planning SMS in Kenya: a qualitative study","Lewis K, Harrington EK, Matemo D, Drake AL, Ronen K, O'Malley G, Kinuthia J, John-Stewart G, Unger JA.",BMC Health Serv Res. 2019 Nov 21;19(1):870. doi: 10.1186/s12913-019-4708-7.,Lewis K,BMC Health Serv Res,2019,11/23/19,PMC6873397,,10.1186/s12913-019-4708-7,Patient,,,,,,,
29472212,Viewpoint: Professional powerlessness: reflections from a WhatsApp group,Kordowicz M.,Br J Gen Pract. 2018 Mar;68(668):132. doi: 10.3399/bjgp18X695069.,Kordowicz M,Br J Gen Pract,2018,2/24/18,PMC5819962,,10.3399/bjgp18X695069,N/A,,,,,,,
28232142,Well-Child Care Redesign: A Mixed Methods Analysis of Parent Experiences in the PARENT Trial,"Mimila NA, Chung PJ, Elliott MN, Bethell CD, Chacon S, Biely C, Contreras S, Chavis T, Bruno Y, Moss T, Coker TR.",Acad Pediatr. 2017 Sep-Oct;17(7):747-754. doi: 10.1016/j.acap.2017.02.004. Epub 2017 Feb 14.,Mimila NA,Acad Pediatr,2017,2/25/17,PMC5555836,NIHMS852081,10.1016/j.acap.2017.02.004,Patient,,,,,,,
32063611,WhatsApp an informal learning and communication tool: Perception of medical officers working in low resource setting: A Focus Group Discussion,"Khan A, Usmani A, Khaliq T.",J Pak Med Assoc. 2020 Feb;70(2):225-230. doi: 10.5455/JPMA.17802.,Khan A,J Pak Med Assoc,2020,2/18/20,,,10.5455/JPMA.17802,Provider,Text messages,Mixed Methods,Positive,3 months,2-way,,education
30633754,WhatsApp in hospital? An empirical investigation of individual and organizational determinants to use,"De Benedictis A, Lettieri E, Masella C, Gastaldi L, Macchini G, Santu C, Tartaglini D.",PLoS One. 2019 Jan 11;14(1):e0209873. doi: 10.1371/journal.pone.0209873. eCollection 2019.,De Benedictis A,PLoS One,2019,1/12/19,PMC6329505,,10.1371/journal.pone.0209873,Provider,Text messages,Survey,Neutral,Survey,2-way,,education
30807415,Willingness of Women With Pelvic Floor Disorders to Use Mobile Technology to Communicate With Their Health Care Providers,"Lee DD, Arya LA, Andy UU, Sammel MD, Harvie HS.",Female Pelvic Med Reconstr Surg. 2019 Mar/Apr;25(2):134-138. doi: 10.1097/SPV.0000000000000668.,Lee DD,Female Pelvic Med Reconstr Surg,2019,2/27/19,PMC6392070,NIHMS996933,10.1097/SPV.0000000000000668,Patient,,,,,,,
29912749,"Your Best Life: The Low-tech Diet-Shedding Those Unwanted Emails, Texts, and Notifications",Kelly JD 4th.,Clin Orthop Relat Res. 2018 Aug;476(8):1579-1580. doi: 10.1097/CORR.0000000000000385.,Kelly JD 4th,Clin Orthop Relat Res,2018,6/19/18,PMC6259767,,10.1097/CORR.0000000000000385,N/A,,,,,,,